month,IC_mean,IC_std,IC_count,RankIC_mean,RankIC_std,IC_t,RankIC_t
2025-07,0.0,0.0,4,0.0,0.0,,
2025-08,-0.0517,0.2435,16,-0.0846,0.2596,-0.8492813141683779,-1.3035439137134053
